{
  "version": "1.0",
  "name": "ক্যামেরা",
  "description": "স্মৃতি হিসাবে ফটো এবং ভিডিও নিন।",
  "launch_path": "/index.html",
  "icons": {
    "48": "/style/icons/camera.png"
  },
  "developer": {
    "name": "MortCodesWeb",
    "url": "https://openorchid.github.io/"
  },
  "default_locale": "en",
  "orientation": "portrait-primary",
  "background_color": "#000000",
  "theme_color": "#0061e0",
  "permissions": {},
  "display": "immersive"
}