{
  "version": "1.0",
  "name": "கருத்து வேறுபாடு",
  "description": "உங்கள் நண்பர்களுடன் அரட்டையடிக்கவும்.",
  "start_url": "https://www.discord.com/app",
  "icons": {
    "48": "/icons/discord.png"
  },
  "developer": {
    "name": "Discord Inc.",
    "url": "https://www.discord.com/"
  },
  "default_locale": "en",
  "orientation": "portrait-primary",
  "background_color": "#f0f6ff",
  "theme_color": "#8040c0",
  "permissions": {}
}