{
  "version": "1.0",
  "name": "Галерея",
  "description": "Переглядайте свої спогади як фотографії та відео.",
  "launch_path": "/index.html",
  "icons": {
    "48": "/style/icons/gallery.png"
  },
  "developer": {
    "name": "MortCodesWeb",
    "url": "https://openorchid.github.io/"
  },
  "default_locale": "en",
  "orientation": "portrait-primary",
  "background_color": "#f0f6ff",
  "theme_color": "#0061e0",
  "permissions": {
    "nodeintegration": {}
  }
}