{
  "version": "1.0",
  "name": "ბრაუზერი",
  "description": "დაათვალიერეთ ინტერნეტი.",
  "start_url": "https://www.google.com/",
  "icons": {
    "48": "/icons/browser.png"
  },
  "developer": {
    "name": "MortCodesWeb",
    "url": "https://openorchid.github.io/"
  },
  "default_locale": "en",
  "orientation": "portrait-primary",
  "background_color": "#f0f6ff",
  "theme_color": "#0061e0",
  "permissions": {},
  "chrome": {
    "navigation": true
  }
}