{
  "version": "1.0",
  "name": "Калкулатор",
  "description": "Направете ги вашите подподелби, множење и одземање овде.",
  "launch_path": "/index.html",
  "icons": {
    "48": "/style/icons/calculator.png"
  },
  "developer": {
    "name": "MortCodesWeb",
    "url": "https://openorchid.github.io/"
  },
  "default_locale": "en",
  "orientation": "portrait-primary",
  "background_color": "#f0f6ff",
  "theme_color": "#0061e0",
  "permissions": {}
}