{
  "version": "1.0",
  "name": "கால்குலேட்டர்",
  "description": "உங்கள் உட்பிரிவுகள், பெருக்கல்கள் மற்றும் கழித்தல்களை இங்கே செய்யுங்கள்.",
  "launch_path": "/index.html",
  "icons": {
    "48": "/style/icons/calculator.png"
  },
  "developer": {
    "name": "MortCodesWeb",
    "url": "https://openorchid.github.io/"
  },
  "default_locale": "en",
  "orientation": "portrait-primary",
  "background_color": "#f0f6ff",
  "theme_color": "#0061e0",
  "permissions": {}
}