{
  "version": "1.0",
  "name": "घड़ी",
  "description": "अपने अलार्म प्रबंधित करें, स्टॉपवॉच लैप्स बनाएं और दुनिया के दूसरी ओर से समय देखें।",
  "launch_path": "/index.html",
  "icons": {
    "48": "/style/icons/clock.png"
  },
  "developer": {
    "name": "MortCodesWeb",
    "url": "https://openorchid.github.io/"
  },
  "default_locale": "en",
  "orientation": "portrait-primary",
  "background_color": "#f0f6ff",
  "theme_color": "#0061e0",
  "permissions": {
    "nodeintegration": {}
  },
  "display": "immersive"
}