{
  "version": "1.0",
  "name": "கடிகாரம்",
  "description": "உங்கள் அலாரங்களை நிர்வகிக்கவும், ஸ்டாப்வாட்ச் லேப்களை உருவாக்கவும் மற்றும் உலகின் மறுபக்கத்திலிருந்து நேரத்தைப் பார்க்கவும்.",
  "launch_path": "/index.html",
  "icons": {
    "48": "/style/icons/clock.png"
  },
  "developer": {
    "name": "MortCodesWeb",
    "url": "https://openorchid.github.io/"
  },
  "default_locale": "en",
  "orientation": "portrait-primary",
  "background_color": "#f0f6ff",
  "theme_color": "#0061e0",
  "permissions": {
    "nodeintegration": {}
  },
  "display": "immersive"
}