{
  "version": "1.0",
  "name": "ঘড়ি",
  "description": "আপনার অ্যালার্ম পরিচালনা করুন, স্টপওয়াচ ল্যাপ তৈরি করুন এবং বিশ্বের অন্য প্রান্ত থেকে সময় দেখুন।",
  "launch_path": "/index.html",
  "icons": {
    "48": "/style/icons/clock.png"
  },
  "developer": {
    "name": "MortCodesWeb",
    "url": "https://openorchid.github.io/"
  },
  "default_locale": "en",
  "orientation": "portrait-primary",
  "background_color": "#f0f6ff",
  "theme_color": "#0061e0",
  "permissions": {
    "nodeintegration": {}
  },
  "display": "immersive"
}