{
  "version": "1.0",
  "name": "ಗಡಿಯಾರ",
  "description": "ನಿಮ್ಮ ಅಲಾರಮ್‌ಗಳನ್ನು ನಿರ್ವಹಿಸಿ, ಸ್ಟಾಪ್‌ವಾಚ್ ಲ್ಯಾಪ್‌ಗಳನ್ನು ರಚಿಸಿ ಮತ್ತು ಪ್ರಪಂಚದ ಇನ್ನೊಂದು ಬದಿಯಿಂದ ಸಮಯವನ್ನು ನೋಡಿ.",
  "launch_path": "/index.html",
  "icons": {
    "48": "/style/icons/clock.png"
  },
  "developer": {
    "name": "MortCodesWeb",
    "url": "https://openorchid.github.io/"
  },
  "default_locale": "en",
  "orientation": "portrait-primary",
  "background_color": "#f0f6ff",
  "theme_color": "#0061e0",
  "permissions": {
    "nodeintegration": {}
  },
  "display": "immersive"
}