{
  "version": "1.0",
  "name": "గడియారం",
  "description": "మీ అలారాలను నిర్వహించండి, స్టాప్‌వాచ్ ల్యాప్‌లను సృష్టించండి మరియు ప్రపంచంలోని ఇతర వైపు నుండి సమయాన్ని చూడండి.",
  "launch_path": "/index.html",
  "icons": {
    "48": "/style/icons/clock.png"
  },
  "developer": {
    "name": "MortCodesWeb",
    "url": "https://openorchid.github.io/"
  },
  "default_locale": "en",
  "orientation": "portrait-primary",
  "background_color": "#f0f6ff",
  "theme_color": "#0061e0",
  "permissions": {
    "nodeintegration": {}
  },
  "display": "immersive"
}