{
  "version": "1.0",
  "name": "YouTube",
  "description": "ನಿಮ್ಮ ಮೆಚ್ಚಿನ ವೀಡಿಯೊಗಳನ್ನು ಎಕ್ಸ್‌ಪ್ಲೋರ್ ಮಾಡಿ.",
  "start_url": "https://www.youtube.com/",
  "icons": {
    "48": "/icons/youtube.png"
  },
  "developer": {
    "name": "Google",
    "url": "https://www.google.com/"
  },
  "default_locale": "en",
  "orientation": "portrait-primary",
  "background_color": "#f0f6ff",
  "theme_color": "#ff0000",
  "permissions": {}
}