{
  "version": "1.0",
  "name": "வலைஒளி",
  "description": "உங்களுக்கு பிடித்த வீடியோக்களை ஆராயுங்கள்.",
  "start_url": "https://www.youtube.com/",
  "icons": {
    "48": "/icons/youtube.png"
  },
  "developer": {
    "name": "Google",
    "url": "https://www.google.com/"
  },
  "default_locale": "en",
  "orientation": "portrait-primary",
  "background_color": "#f0f6ff",
  "theme_color": "#ff0000",
  "permissions": {}
}